{
"lengthUnit": "mil",
"remark": [],
"components": {
	"fields": ["COMPONENT_NO", "COMPONENT_NAME", "LAYER", "X_COORDINATE", "Y_COORDINATE", "ANGLE"],
	"rows": [
		[1, "C1", "T", 1170, -430, 270],
		[2, "C2", "T", 1550, -940, 0],
		[3, "C3", "T", 2710, -445, 90],
		[4, "C4", "T", 1394.734, -1000.266, 270],
		[5, "C5", "T", 2485, -410, 270],
		[6, "DC1", "T", 525, -470, 0],
		[7, "L1", "T", 1980, -450, 0],
		[8, "LED1", "T", 2837.449, -752.449, 90],
		[9, "P1", "T", 425, -895, 270],
		[10, "R1", "T", 1194.734, -1000.266, 90],
		[11, "R2", "T", 1294.734, -1000.266, 270],
		[12, "R3", "T", 2837.449, -552.449, 90],
		[13, "U1", "T", 1438.782, -556.503, 90],
		[14, "U2", "T", 910, -465, 90],
		[15, "U3", "T", 1985, -835, 0],
		[16, "U4", "T", 865, -890, 180],
		[17, "USB1", "T", 3110, -655, 90],
		[18, "PAD1", "T", 1170, -492.7, 0],
		[19, "PAD2", "T", 1170, -367.3, 0],
		[20, "PAD3", "T", 1612.7, -940, 0],
		[21, "PAD4", "T", 1487.3, -940, 0],
		[22, "PAD5", "T", 2710, -382.3, 0],
		[23, "PAD6", "T", 2710, -507.7, 0],
		[24, "PAD7", "T", 1394.734, -1062.966, 0],
		[25, "PAD8", "T", 1394.734, -937.566, 0],
		[26, "PAD9", "T", 2485, -281.37, 0],
		[27, "PAD10", "T", 2485, -538.63, 0],
		[28, "PAD11", "T", 647.04, -377.485, 0],
		[29, "PAD11", "B", 647.04, -377.485, 0],
		[30, "PAD12", "T", 402.96, -377.475, 0],
		[31, "PAD12", "B", 402.96, -377.475, 0],
		[32, "PAD13", "T", 1733.937, -450, 0],
		[33, "PAD14", "T", 2226.063, -450, 0],
		[34, "PAD15", "T", 2837.449, -693.687, 0],
		[35, "PAD16", "T", 2837.449, -811.207, 0],
		[36, "PAD17", "T", 425, -995, 0],
		[37, "PAD17", "B", 425, -995, 0],
		[38, "PAD18", "T", 425, -795, 0],
		[39, "PAD18", "B", 425, -795, 0],
		[40, "PAD19", "T", 1194.734, -942.046, 0],
		[41, "PAD20", "T", 1194.734, -1058.486, 0],
		[42, "PAD21", "T", 1294.734, -1058.486, 0],
		[43, "PAD22", "T", 1294.734, -942.046, 0],
		[44, "PAD23", "T", 2837.449, -494.229, 0],
		[45, "PAD24", "T", 2837.449, -610.669, 0],
		[46, "PAD25", "T", 1572.782, -753.658, 0],
		[47, "PAD26", "T", 1505.782, -753.658, 0],
		[48, "PAD27", "T", 1371.782, -753.658, 0],
		[49, "PAD28", "T", 1438.782, -753.658, 0],
		[50, "PAD29", "T", 1304.782, -753.658, 0],
		[51, "PAD30", "T", 1451.282, -359.348, 0],
		[52, "PAD31", "T", 910, -287.84, 0],
		[53, "PAD32", "T", 910, -642.16, 0],
		[54, "PAD33", "T", 2130.13, -835, 0],
		[55, "PAD34", "T", 1839.87, -835, 0],
		[56, "PAD35", "T", 719.87, -890, 0],
		[57, "PAD36", "T", 1010.13, -890, 0],
		[58, "PAD37", "T", 3013.545, -792.795, 0],
		[59, "PAD37", "B", 3013.545, -792.795, 0],
		[60, "PAD38", "T", 3013.545, -517.205, 0],
		[61, "PAD38", "B", 3013.545, -517.205, 0],
		[62, "PAD39", "T", 3115.905, -792.795, 0],
		[63, "PAD39", "B", 3115.905, -792.795, 0],
		[64, "PAD40", "T", 3115.905, -517.205, 0],
		[65, "PAD40", "B", 3115.905, -517.205, 0]
	]
},
"pins": {
	"fields": ["PIN_NO", "PIN_NAME", "PIN_X", "PIN_Y", "LAYER", "PIN_TYPE", "NET_NAME", "NET_TYPE", "PAD_SHAPE", "PAD_SIZEX", "PAD_SIZEY", "HOLE_SIZE", "HOLE_LEN", "PAD_ANGLE"],
	"rows": [
		[1, "C1_1", 1170, -367.3, "T", "SMD", "GND", "GND", "R", 58.465, 68.031, 0, 0, 270],
		[2, "C1_2", 1170, -492.7, "T", "SMD", "VCCOUT", "", "R", 58.465, 68.031, 0, 0, 270],
		[3, "C2_1", 1487.3, -940, "T", "SMD", "$1N1196", "", "R", 58.465, 68.031, 0, 0, 0],
		[4, "C2_2", 1612.7, -940, "T", "SMD", "VCCOUT", "", "R", 58.465, 68.031, 0, 0, 0],
		[5, "C3_1", 2710, -507.7, "T", "SMD", "GND", "GND", "R", 58.465, 68.031, 0, 0, 90],
		[6, "C3_2", 2710, -382.3, "T", "SMD", "+5V", "", "R", 58.465, 68.031, 0, 0, 90],
		[7, "C4_1", 1394.734, -937.566, "T", "SMD", "$1N1325", "", "R", 58.465, 68.031, 0, 0, 270],
		[8, "C4_2", 1394.734, -1062.966, "T", "SMD", "+5V", "", "R", 58.465, 68.031, 0, 0, 270],
		[9, "C5_1", 2485, -281.37, "T", "SMD", "+5V", "", "R", 165.354, 55.118, 0, 0, 270],
		[10, "C5_2", 2485, -538.63, "T", "SMD", "GND", "GND", "R", 165.354, 55.118, 0, 0, 270],
		[11, "DC1_1", 647.04, -377.485, "T", "DIP", "VCC", "", "O", 78.74, 181.102, 47.244, 145.67, 0],
		[12, "DC1_1", 647.04, -377.485, "B", "DIP", "VCC", "", "O", 78.74, 181.102, 47.244, 145.67, 0],
		[13, "DC1_2", 402.96, -377.475, "T", "DIP", "GND", "GND", "O", 78.74, 181.102, 47.244, 145.67, 180],
		[14, "DC1_2", 402.96, -377.475, "B", "DIP", "GND", "GND", "O", 78.74, 181.102, 47.244, 145.67, 180],
		[15, "DC1_3", 528.94, -562.525, "T", "DIP", "NET_1", "", "O", 181.102, 78.74, 47.244, 145.67, 0],
		[16, "DC1_3", 528.94, -562.525, "B", "DIP", "NET_1", "", "O", 181.102, 78.74, 47.244, 145.67, 0],
		[17, "L1_1", 1733.937, -450, "T", "SMD", "$1N1251", "", "R", 157.48, 177.165, 0, 0, 0],
		[18, "L1_2", 2226.063, -450, "T", "SMD", "+5V", "", "R", 157.48, 177.165, 0, 0, 0],
		[19, "LED1_1", 2837.449, -693.687, "T", "SMD", "$1N1978", "", "R", 58.465, 63.78, 0, 0, 90],
		[20, "LED1_2", 2837.449, -811.207, "T", "SMD", "GND", "GND", "R", 58.465, 63.78, 0, 0, 90],
		[21, "P1_1", 425, -795, "T", "DIP", "VCC", "", "C", 78.74, 78.74, 51.182, 51.182, 90],
		[22, "P1_1", 425, -795, "B", "DIP", "VCC", "", "C", 78.74, 78.74, 51.182, 51.182, 90],
		[23, "P1_2", 425, -995, "T", "DIP", "GND", "GND", "C", 78.74, 78.74, 51.182, 51.182, 90],
		[24, "P1_2", 425, -995, "B", "DIP", "GND", "GND", "C", 78.74, 78.74, 51.182, 51.182, 90],
		[25, "R1_1", 1194.734, -1058.486, "T", "SMD", "GND", "GND", "R", 47.54, 66.969, 0, 0, 90],
		[26, "R1_2", 1194.734, -942.046, "T", "SMD", "$1N1325", "", "R", 47.54, 66.969, 0, 0, 90],
		[27, "R2_1", 1294.734, -942.046, "T", "SMD", "$1N1325", "", "R", 47.54, 66.969, 0, 0, 270],
		[28, "R2_2", 1294.734, -1058.486, "T", "SMD", "+5V", "", "R", 47.54, 66.969, 0, 0, 270],
		[29, "R3_1", 2837.449, -610.669, "T", "SMD", "$1N1978", "", "R", 47.54, 66.969, 0, 0, 90],
		[30, "R3_2", 2837.449, -494.229, "T", "SMD", "+5V", "", "R", 47.54, 66.969, 0, 0, 90],
		[31, "U1_1", 1304.782, -753.658, "T", "SMD", "GND", "GND", "R", 125.984, 45.276, 0, 0, 90],
		[32, "U1_2", 1371.782, -753.658, "T", "SMD", "$1N1325", "", "R", 125.984, 45.276, 0, 0, 90],
		[33, "U1_3", 1438.782, -753.658, "T", "SMD", "$1N1251", "", "R", 125.984, 45.276, 0, 0, 90],
		[34, "U1_4", 1505.782, -753.658, "T", "SMD", "$1N1196", "", "R", 125.984, 45.276, 0, 0, 90],
		[35, "U1_5", 1572.782, -753.658, "T", "SMD", "VCCOUT", "", "R", 125.984, 45.276, 0, 0, 90],
		[36, "U1_6", 1451.282, -359.348, "T", "SMD", "$1N1251", "", "P", 430, 320, 0, 0, 90],
		[37, "U2_1", 910, -642.16, "T", "SMD", "VCCOUT", "", "R", 177.165, 64.961, 0, 0, 90],
		[38, "U2_2", 910, -287.84, "T", "SMD", "GND", "GND", "R", 177.165, 64.961, 0, 0, 90],
		[39, "U3_1", 1839.87, -835, "T", "SMD", "$1N1251", "", "R", 106.299, 129.921, 0, 0, 0],
		[40, "U3_2", 2130.13, -835, "T", "SMD", "GND", "GND", "R", 106.299, 129.921, 0, 0, 0],
		[41, "U4_1", 1010.13, -890, "T", "SMD", "VCCOUT", "", "R", 106.299, 129.921, 0, 0, 180],
		[42, "U4_2", 719.87, -890, "T", "SMD", "VCC", "", "R", 106.299, 129.921, 0, 0, 180],
		[43, "USB1_1", 3013.545, -792.795, "T", "DIP", "+5V", "", "R", 62.992, 62.992, 39.37, 39.37, 90],
		[44, "USB1_1", 3013.545, -792.795, "B", "DIP", "+5V", "", "R", 62.992, 62.992, 39.37, 39.37, 90],
		[45, "USB1_2", 3013.545, -694.365, "T", "DIP", "NET_2", "", "C", 62.992, 62.992, 39.37, 39.37, 90],
		[46, "USB1_2", 3013.545, -694.365, "B", "DIP", "NET_2", "", "C", 62.992, 62.992, 39.37, 39.37, 90],
		[47, "USB1_3", 3013.545, -615.625, "T", "DIP", "NET_3", "", "C", 62.992, 62.992, 39.37, 39.37, 90],
		[48, "USB1_3", 3013.545, -615.625, "B", "DIP", "NET_3", "", "C", 62.992, 62.992, 39.37, 39.37, 90],
		[49, "USB1_4", 3013.545, -517.205, "T", "DIP", "GND", "GND", "C", 62.992, 62.992, 39.37, 39.37, 90],
		[50, "USB1_4", 3013.545, -517.205, "B", "DIP", "GND", "GND", "C", 62.992, 62.992, 39.37, 39.37, 90],
		[51, "USB1_5", 3115.905, -792.795, "T", "DIP", "+5V", "", "R", 62.992, 62.992, 39.37, 39.37, 90],
		[52, "USB1_5", 3115.905, -792.795, "B", "DIP", "+5V", "", "R", 62.992, 62.992, 39.37, 39.37, 90],
		[53, "USB1_6", 3115.905, -694.365, "T", "DIP", "NET_4", "", "C", 62.992, 62.992, 39.37, 39.37, 90],
		[54, "USB1_6", 3115.905, -694.365, "B", "DIP", "NET_4", "", "C", 62.992, 62.992, 39.37, 39.37, 90],
		[55, "USB1_7", 3115.905, -615.625, "T", "DIP", "NET_5", "", "C", 62.992, 62.992, 39.37, 39.37, 90],
		[56, "USB1_7", 3115.905, -615.625, "B", "DIP", "NET_5", "", "C", 62.992, 62.992, 39.37, 39.37, 90],
		[57, "USB1_8", 3115.905, -517.205, "T", "DIP", "GND", "GND", "C", 62.992, 62.992, 39.37, 39.37, 90],
		[58, "USB1_8", 3115.905, -517.205, "B", "DIP", "GND", "GND", "C", 62.992, 62.992, 39.37, 39.37, 90],
		[59, "USB1_9", 2997.795, -912.875, "T", "DIP", "NET_6", "", "C", 118.11, 118.11, 90.552, 90.552, 90],
		[60, "USB1_9", 2997.795, -912.875, "B", "DIP", "NET_6", "", "C", 118.11, 118.11, 90.552, 90.552, 90],
		[61, "USB1_10", 2997.795, -397.125, "T", "DIP", "NET_7", "", "C", 118.11, 118.11, 90.552, 90.552, 90],
		[62, "USB1_10", 2997.795, -397.125, "B", "DIP", "NET_7", "", "C", 118.11, 118.11, 90.552, 90.552, 90],
		[63, "USB1_11", 3222.205, -912.875, "T", "DIP", "NET_8", "", "C", 118.11, 118.11, 90.552, 90.552, 90],
		[64, "USB1_11", 3222.205, -912.875, "B", "DIP", "NET_8", "", "C", 118.11, 118.11, 90.552, 90.552, 90],
		[65, "USB1_12", 3222.205, -397.125, "T", "DIP", "NET_9", "", "C", 118.11, 118.11, 90.552, 90.552, 90],
		[66, "USB1_12", 3222.205, -397.125, "B", "DIP", "NET_9", "", "C", 118.11, 118.11, 90.552, 90.552, 90],
		[67, "PAD1_2", 1170, -492.7, "T", "SMD", "VCCOUT", "", "R", 58.465, 68.031, 0, 0, 270],
		[68, "PAD2_1", 1170, -367.3, "T", "SMD", "GND", "GND", "R", 58.465, 68.031, 0, 0, 270],
		[69, "PAD3_2", 1612.7, -940, "T", "SMD", "VCCOUT", "", "R", 58.465, 68.031, 0, 0, 0],
		[70, "PAD4_1", 1487.3, -940, "T", "SMD", "$1N1196", "", "R", 58.465, 68.031, 0, 0, 0],
		[71, "PAD5_2", 2710, -382.3, "T", "SMD", "+5V", "", "R", 58.465, 68.031, 0, 0, 90],
		[72, "PAD6_1", 2710, -507.7, "T", "SMD", "GND", "GND", "R", 58.465, 68.031, 0, 0, 90],
		[73, "PAD7_2", 1394.734, -1062.966, "T", "SMD", "+5V", "", "R", 58.465, 68.031, 0, 0, 270],
		[74, "PAD8_1", 1394.734, -937.566, "T", "SMD", "$1N1325", "", "R", 58.465, 68.031, 0, 0, 270],
		[75, "PAD9_1", 2485, -281.37, "T", "SMD", "+5V", "", "R", 165.354, 55.118, 0, 0, 270],
		[76, "PAD10_2", 2485, -538.63, "T", "SMD", "GND", "GND", "R", 165.354, 55.118, 0, 0, 270],
		[77, "PAD11_1", 647.04, -377.485, "T", "DIP", "VCC", "", "O", 78.74, 181.102, 47.244, 145.67, 0],
		[78, "PAD11_1", 647.04, -377.485, "B", "DIP", "VCC", "", "O", 78.74, 181.102, 47.244, 145.67, 0],
		[79, "PAD12_2", 402.96, -377.475, "T", "DIP", "GND", "GND", "O", 78.74, 181.102, 47.244, 145.67, 180],
		[80, "PAD12_2", 402.96, -377.475, "B", "DIP", "GND", "GND", "O", 78.74, 181.102, 47.244, 145.67, 180],
		[81, "PAD13_1", 1733.937, -450, "T", "SMD", "$1N1251", "", "R", 157.48, 177.165, 0, 0, 0],
		[82, "PAD14_2", 2226.063, -450, "T", "SMD", "+5V", "", "R", 157.48, 177.165, 0, 0, 0],
		[83, "PAD15_1", 2837.449, -693.687, "T", "SMD", "$1N1978", "", "R", 58.465, 63.78, 0, 0, 90],
		[84, "PAD16_2", 2837.449, -811.207, "T", "SMD", "GND", "GND", "R", 58.465, 63.78, 0, 0, 90],
		[85, "PAD17_2", 425, -995, "T", "DIP", "GND", "GND", "C", 78.74, 78.74, 51.182, 51.182, 90],
		[86, "PAD17_2", 425, -995, "B", "DIP", "GND", "GND", "C", 78.74, 78.74, 51.182, 51.182, 90],
		[87, "PAD18_1", 425, -795, "T", "DIP", "VCC", "", "C", 78.74, 78.74, 51.182, 51.182, 90],
		[88, "PAD18_1", 425, -795, "B", "DIP", "VCC", "", "C", 78.74, 78.74, 51.182, 51.182, 90],
		[89, "PAD19_2", 1194.734, -942.046, "T", "SMD", "$1N1325", "", "R", 47.54, 66.969, 0, 0, 90],
		[90, "PAD20_1", 1194.734, -1058.486, "T", "SMD", "GND", "GND", "R", 47.54, 66.969, 0, 0, 90],
		[91, "PAD21_2", 1294.734, -1058.486, "T", "SMD", "+5V", "", "R", 47.54, 66.969, 0, 0, 270],
		[92, "PAD22_1", 1294.734, -942.046, "T", "SMD", "$1N1325", "", "R", 47.54, 66.969, 0, 0, 270],
		[93, "PAD23_2", 2837.449, -494.229, "T", "SMD", "+5V", "", "R", 47.54, 66.969, 0, 0, 90],
		[94, "PAD24_1", 2837.449, -610.669, "T", "SMD", "$1N1978", "", "R", 47.54, 66.969, 0, 0, 90],
		[95, "PAD25_5", 1572.782, -753.658, "T", "SMD", "VCCOUT", "", "R", 125.984, 45.276, 0, 0, 90],
		[96, "PAD26_4", 1505.782, -753.658, "T", "SMD", "$1N1196", "", "R", 125.984, 45.276, 0, 0, 90],
		[97, "PAD27_2", 1371.782, -753.658, "T", "SMD", "$1N1325", "", "R", 125.984, 45.276, 0, 0, 90],
		[98, "PAD28_3", 1438.782, -753.658, "T", "SMD", "$1N1251", "", "R", 125.984, 45.276, 0, 0, 90],
		[99, "PAD29_1", 1304.782, -753.658, "T", "SMD", "GND", "GND", "R", 125.984, 45.276, 0, 0, 90],
		[100, "PAD30_6", 1451.282, -359.348, "T", "SMD", "$1N1251", "", "P", 430, 320, 0, 0, 90],
		[101, "PAD31_2", 910, -287.84, "T", "SMD", "GND", "GND", "R", 177.165, 64.961, 0, 0, 90],
		[102, "PAD32_1", 910, -642.16, "T", "SMD", "VCCOUT", "", "R", 177.165, 64.961, 0, 0, 90],
		[103, "PAD33_2", 2130.13, -835, "T", "SMD", "GND", "GND", "R", 106.299, 129.921, 0, 0, 0],
		[104, "PAD34_1", 1839.87, -835, "T", "SMD", "$1N1251", "", "R", 106.299, 129.921, 0, 0, 0],
		[105, "PAD35_2", 719.87, -890, "T", "SMD", "VCC", "", "R", 106.299, 129.921, 0, 0, 180],
		[106, "PAD36_1", 1010.13, -890, "T", "SMD", "VCCOUT", "", "R", 106.299, 129.921, 0, 0, 180],
		[107, "PAD37_1", 3013.545, -792.795, "T", "DIP", "+5V", "", "R", 62.992, 62.992, 39.37, 39.37, 90],
		[108, "PAD37_1", 3013.545, -792.795, "B", "DIP", "+5V", "", "R", 62.992, 62.992, 39.37, 39.37, 90],
		[109, "PAD38_4", 3013.545, -517.205, "T", "DIP", "GND", "GND", "C", 62.992, 62.992, 39.37, 39.37, 90],
		[110, "PAD38_4", 3013.545, -517.205, "B", "DIP", "GND", "GND", "C", 62.992, 62.992, 39.37, 39.37, 90],
		[111, "PAD39_5", 3115.905, -792.795, "T", "DIP", "+5V", "", "R", 62.992, 62.992, 39.37, 39.37, 90],
		[112, "PAD39_5", 3115.905, -792.795, "B", "DIP", "+5V", "", "R", 62.992, 62.992, 39.37, 39.37, 90],
		[113, "PAD40_8", 3115.905, -517.205, "T", "DIP", "GND", "GND", "C", 62.992, 62.992, 39.37, 39.37, 90],
		[114, "PAD40_8", 3115.905, -517.205, "B", "DIP", "GND", "GND", "C", 62.992, 62.992, 39.37, 39.37, 90]
	]
}
}